id,type,dateNtime,date,time
1,service,2020-01-27T19:28:32,2020-01-27,19:28:32
6,message,2020-01-27T23:07:42,2020-01-27,23:07:42
7,message,2020-01-27T23:08:13,2020-01-27,23:08:13
8,message,2020-01-27T23:12:20,2020-01-27,23:12:20
9,message,2020-01-28T12:08:09,2020-01-28,12:08:09
10,message,2020-01-28T12:08:11,2020-01-28,12:08:11
11,message,2020-01-28T12:08:13,2020-01-28,12:08:13
12,message,2020-01-28T12:08:15,2020-01-28,12:08:15
13,message,2020-01-28T12:08:17,2020-01-28,12:08:17
14,message,2020-01-28T12:08:19,2020-01-28,12:08:19
15,message,2020-01-28T12:08:22,2020-01-28,12:08:22
16,message,2020-01-28T12:08:24,2020-01-28,12:08:24
17,message,2020-01-28T12:08:26,2020-01-28,12:08:26
18,message,2020-01-28T12:08:28,2020-01-28,12:08:28
19,message,2020-01-28T12:08:30,2020-01-28,12:08:30
20,message,2020-01-28T12:08:33,2020-01-28,12:08:33
21,message,2020-01-28T12:08:35,2020-01-28,12:08:35
22,message,2020-01-28T12:08:37,2020-01-28,12:08:37
23,message,2020-01-28T12:08:39,2020-01-28,12:08:39
24,message,2020-01-28T12:08:41,2020-01-28,12:08:41
25,message,2020-01-28T12:08:44,2020-01-28,12:08:44
26,message,2020-01-28T12:08:46,2020-01-28,12:08:46
27,message,2020-01-28T12:08:47,2020-01-28,12:08:47
28,message,2020-01-28T12:08:50,2020-01-28,12:08:50
29,message,2020-01-28T12:09:09,2020-01-28,12:09:09
30,message,2020-01-28T12:13:19,2020-01-28,12:13:19
31,message,2020-01-28T12:13:21,2020-01-28,12:13:21
32,message,2020-01-28T12:13:25,2020-01-28,12:13:25
33,message,2020-01-28T12:13:27,2020-01-28,12:13:27
34,message,2020-01-28T12:13:29,2020-01-28,12:13:29
35,message,2020-01-28T12:13:30,2020-01-28,12:13:30
36,message,2020-01-28T12:13:33,2020-01-28,12:13:33
37,message,2020-01-28T12:13:35,2020-01-28,12:13:35
38,message,2020-01-28T12:13:37,2020-01-28,12:13:37
39,message,2020-01-28T12:49:20,2020-01-28,12:49:20
40,message,2020-01-28T12:49:22,2020-01-28,12:49:22
41,message,2020-01-28T12:49:26,2020-01-28,12:49:26
42,message,2020-01-28T12:49:27,2020-01-28,12:49:27
43,message,2020-01-28T12:49:31,2020-01-28,12:49:31
44,message,2020-01-28T12:49:33,2020-01-28,12:49:33
45,message,2020-01-28T12:49:36,2020-01-28,12:49:36
46,message,2020-01-28T12:49:37,2020-01-28,12:49:37
47,message,2020-01-28T12:49:40,2020-01-28,12:49:40
48,message,2020-01-28T12:49:42,2020-01-28,12:49:42
49,message,2020-01-28T12:49:45,2020-01-28,12:49:45
50,message,2020-01-28T12:49:47,2020-01-28,12:49:47
51,message,2020-01-28T12:49:52,2020-01-28,12:49:52
52,message,2020-01-28T12:49:55,2020-01-28,12:49:55
53,message,2020-01-28T12:49:58,2020-01-28,12:49:58
54,message,2020-01-28T12:50:02,2020-01-28,12:50:02
55,message,2020-01-28T12:50:05,2020-01-28,12:50:05
56,message,2020-01-28T12:55:33,2020-01-28,12:55:33
57,message,2020-01-28T12:55:38,2020-01-28,12:55:38
58,message,2020-01-28T12:55:41,2020-01-28,12:55:41
59,message,2020-01-28T12:58:56,2020-01-28,12:58:56
60,message,2020-01-28T12:58:59,2020-01-28,12:58:59
61,message,2020-01-28T13:01:18,2020-01-28,13:01:18
62,message,2020-01-28T13:01:28,2020-01-28,13:01:28
63,message,2020-01-28T13:07:51,2020-01-28,13:07:51
64,message,2020-01-28T13:08:11,2020-01-28,13:08:11
65,message,2020-01-28T13:18:12,2020-01-28,13:18:12
66,message,2020-01-28T13:18:18,2020-01-28,13:18:18
67,message,2020-01-28T17:54:41,2020-01-28,17:54:41
68,message,2020-01-28T17:54:49,2020-01-28,17:54:49
69,message,2020-01-28T18:23:58,2020-01-28,18:23:58
70,message,2020-01-28T18:24:06,2020-01-28,18:24:06
71,message,2020-01-28T18:46:54,2020-01-28,18:46:54
72,message,2020-01-28T18:47:02,2020-01-28,18:47:02
73,message,2020-01-31T12:33:15,2020-01-31,12:33:15
74,message,2020-01-31T12:33:24,2020-01-31,12:33:24
75,message,2020-01-31T12:33:31,2020-01-31,12:33:31
76,message,2020-01-31T12:33:38,2020-01-31,12:33:38
77,message,2020-02-17T17:04:58,2020-02-17,17:04:58
78,message,2020-02-17T17:05:12,2020-02-17,17:05:12
79,message,2020-02-17T17:05:20,2020-02-17,17:05:20
80,message,2020-02-17T17:05:41,2020-02-17,17:05:41
81,message,2020-02-17T17:05:57,2020-02-17,17:05:57
82,message,2020-02-17T17:18:59,2020-02-17,17:18:59
83,message,2020-02-17T17:19:08,2020-02-17,17:19:08
84,message,2020-02-17T17:19:17,2020-02-17,17:19:17
85,message,2020-02-17T17:19:32,2020-02-17,17:19:32
86,message,2020-02-17T17:19:39,2020-02-17,17:19:39
87,message,2020-02-17T17:19:53,2020-02-17,17:19:53
88,message,2020-02-17T17:20:05,2020-02-17,17:20:05
89,message,2020-02-17T17:20:15,2020-02-17,17:20:15
90,message,2020-02-17T17:20:26,2020-02-17,17:20:26
91,message,2020-02-17T17:20:39,2020-02-17,17:20:39
92,message,2020-02-17T17:20:47,2020-02-17,17:20:47
93,message,2020-02-17T17:20:54,2020-02-17,17:20:54
94,message,2020-02-17T17:21:02,2020-02-17,17:21:02
95,message,2020-02-17T17:21:09,2020-02-17,17:21:09
96,message,2020-02-17T17:21:16,2020-02-17,17:21:16
97,message,2020-02-17T17:21:24,2020-02-17,17:21:24
98,message,2020-02-17T17:21:32,2020-02-17,17:21:32
99,message,2020-02-17T17:21:39,2020-02-17,17:21:39
100,message,2020-02-17T17:21:48,2020-02-17,17:21:48
101,message,2020-02-17T17:21:56,2020-02-17,17:21:56
102,message,2020-02-17T17:22:03,2020-02-17,17:22:03
103,message,2020-02-17T17:22:10,2020-02-17,17:22:10
104,message,2020-02-17T17:22:18,2020-02-17,17:22:18
105,message,2020-02-17T17:22:24,2020-02-17,17:22:24
106,message,2020-02-21T12:18:20,2020-02-21,12:18:20
107,message,2020-02-21T12:18:28,2020-02-21,12:18:28
108,message,2020-02-21T12:19:30,2020-02-21,12:19:30
109,message,2020-02-21T12:19:37,2020-02-21,12:19:37
110,message,2020-02-21T12:19:44,2020-02-21,12:19:44
111,message,2020-02-21T12:19:52,2020-02-21,12:19:52
112,message,2020-02-21T12:20:00,2020-02-21,12:20:00
113,message,2020-02-21T12:20:08,2020-02-21,12:20:08
114,message,2020-02-21T12:20:16,2020-02-21,12:20:16
115,message,2020-02-21T12:20:24,2020-02-21,12:20:24
116,message,2020-02-21T12:20:32,2020-02-21,12:20:32
117,message,2020-02-21T12:20:39,2020-02-21,12:20:39
118,message,2020-02-21T12:20:46,2020-02-21,12:20:46
119,message,2020-02-21T12:20:55,2020-02-21,12:20:55
120,message,2020-02-21T12:21:02,2020-02-21,12:21:02
121,message,2020-02-21T12:21:12,2020-02-21,12:21:12
122,message,2020-02-21T12:21:19,2020-02-21,12:21:19
123,message,2020-02-21T12:21:27,2020-02-21,12:21:27
124,message,2020-02-21T12:21:34,2020-02-21,12:21:34
125,message,2020-02-21T12:21:40,2020-02-21,12:21:40
126,message,2020-02-21T12:21:47,2020-02-21,12:21:47
127,message,2020-02-21T12:21:54,2020-02-21,12:21:54
128,message,2020-02-21T12:22:00,2020-02-21,12:22:00
129,message,2020-02-21T12:22:07,2020-02-21,12:22:07
130,message,2020-02-21T12:22:16,2020-02-21,12:22:16
131,message,2020-02-21T12:22:22,2020-02-21,12:22:22
132,message,2020-02-21T12:22:30,2020-02-21,12:22:30
133,message,2020-02-21T12:22:37,2020-02-21,12:22:37
134,message,2020-02-21T12:25:50,2020-02-21,12:25:50
135,message,2020-02-21T12:26:02,2020-02-21,12:26:02
136,message,2020-02-21T12:26:08,2020-02-21,12:26:08
137,message,2020-02-21T12:26:15,2020-02-21,12:26:15
138,message,2020-02-21T12:26:22,2020-02-21,12:26:22
139,message,2020-02-21T12:26:29,2020-02-21,12:26:29
140,message,2020-02-21T12:26:36,2020-02-21,12:26:36
141,message,2020-02-21T12:26:42,2020-02-21,12:26:42
142,message,2020-02-21T12:26:50,2020-02-21,12:26:50
143,message,2020-02-22T22:23:15,2020-02-22,22:23:15
144,message,2020-02-22T22:23:23,2020-02-22,22:23:23
145,message,2020-02-25T18:53:09,2020-02-25,18:53:09
146,message,2020-02-25T18:53:23,2020-02-25,18:53:23
147,message,2020-02-25T18:56:15,2020-02-25,18:56:15
148,message,2020-02-25T18:56:28,2020-02-25,18:56:28
149,message,2020-02-26T18:24:00,2020-02-26,18:24:00
150,message,2020-02-26T18:24:12,2020-02-26,18:24:12
151,message,2020-02-26T18:24:20,2020-02-26,18:24:20
152,message,2020-02-26T18:24:28,2020-02-26,18:24:28
153,message,2020-02-27T18:50:30,2020-02-27,18:50:30
154,message,2020-03-02T17:35:14,2020-03-02,17:35:14
155,message,2020-03-02T17:35:21,2020-03-02,17:35:21
156,message,2020-03-02T17:35:28,2020-03-02,17:35:28
157,message,2020-03-02T17:35:34,2020-03-02,17:35:34
158,message,2020-03-04T10:54:42,2020-03-04,10:54:42
159,message,2020-03-04T10:54:53,2020-03-04,10:54:53
160,message,2020-03-04T17:13:44,2020-03-04,17:13:44
161,message,2020-03-04T17:22:18,2020-03-04,17:22:18
162,message,2020-03-10T08:44:09,2020-03-10,08:44:09
163,message,2020-03-10T08:44:15,2020-03-10,08:44:15
164,message,2020-03-10T08:44:22,2020-03-10,08:44:22
165,message,2020-03-10T08:44:28,2020-03-10,08:44:28
166,message,2020-03-10T08:44:34,2020-03-10,08:44:34
167,message,2020-03-10T08:44:40,2020-03-10,08:44:40
168,message,2020-03-10T09:05:54,2020-03-10,09:05:54
169,message,2020-03-10T09:07:32,2020-03-10,09:07:32
170,message,2020-03-10T09:08:38,2020-03-10,09:08:38
172,message,2020-03-10T09:25:30,2020-03-10,09:25:30
173,message,2020-03-11T18:14:21,2020-03-11,18:14:21
174,message,2020-03-11T18:14:41,2020-03-11,18:14:41
175,message,2020-03-11T18:15:05,2020-03-11,18:15:05
181,message,2020-03-12T13:10:33,2020-03-12,13:10:33
182,message,2020-03-12T13:51:15,2020-03-12,13:51:15
184,message,2020-03-12T14:43:22,2020-03-12,14:43:22
185,message,2020-03-12T17:06:48,2020-03-12,17:06:48
186,message,2020-03-12T23:03:52,2020-03-12,23:03:52
187,message,2020-03-13T11:31:43,2020-03-13,11:31:43
189,message,2020-03-13T12:47:10,2020-03-13,12:47:10
190,message,2020-03-13T13:05:04,2020-03-13,13:05:04
191,message,2020-03-13T13:47:47,2020-03-13,13:47:47
192,message,2020-03-13T18:21:46,2020-03-13,18:21:46
193,message,2020-03-13T18:41:26,2020-03-13,18:41:26
194,message,2020-03-13T22:46:24,2020-03-13,22:46:24
195,message,2020-03-15T10:29:04,2020-03-15,10:29:04
197,message,2020-03-17T12:43:08,2020-03-17,12:43:08
199,message,2020-03-18T15:34:01,2020-03-18,15:34:01
200,message,2020-03-19T14:47:56,2020-03-19,14:47:56
201,message,2020-03-19T15:22:48,2020-03-19,15:22:48
202,message,2020-03-20T15:44:09,2020-03-20,15:44:09
203,message,2020-03-23T11:59:56,2020-03-23,11:59:56
205,message,2020-03-24T17:43:33,2020-03-24,17:43:33
206,message,2020-03-25T09:03:17,2020-03-25,09:03:17
207,message,2020-03-25T11:09:01,2020-03-25,11:09:01
208,message,2020-03-25T12:41:46,2020-03-25,12:41:46
209,message,2020-03-25T19:12:47,2020-03-25,19:12:47
210,message,2020-03-25T19:12:54,2020-03-25,19:12:54
211,message,2020-03-25T19:13:01,2020-03-25,19:13:01
212,message,2020-03-25T21:22:42,2020-03-25,21:22:42
213,message,2020-03-25T21:22:49,2020-03-25,21:22:49
214,message,2020-03-25T21:22:57,2020-03-25,21:22:57
216,message,2020-03-26T00:56:43,2020-03-26,00:56:43
218,message,2020-03-26T09:50:12,2020-03-26,09:50:12
219,message,2020-03-26T13:13:08,2020-03-26,13:13:08
220,message,2020-03-26T13:13:17,2020-03-26,13:13:17
221,message,2020-03-26T13:13:25,2020-03-26,13:13:25
222,message,2020-03-26T13:23:06,2020-03-26,13:23:06
224,message,2020-03-26T14:33:42,2020-03-26,14:33:42
225,service,2020-03-26T14:51:55,2020-03-26,14:51:55
226,message,2020-03-26T18:29:31,2020-03-26,18:29:31
227,message,2020-03-26T22:10:15,2020-03-26,22:10:15
228,message,2020-03-27T01:25:06,2020-03-27,01:25:06
229,message,2020-03-27T10:51:19,2020-03-27,10:51:19
230,message,2020-03-27T12:29:08,2020-03-27,12:29:08
231,message,2020-03-27T17:44:51,2020-03-27,17:44:51
232,message,2020-03-27T17:44:58,2020-03-27,17:44:58
234,message,2020-03-28T23:14:52,2020-03-28,23:14:52
236,message,2020-03-30T12:10:44,2020-03-30,12:10:44
237,message,2020-03-31T10:08:54,2020-03-31,10:08:54
238,message,2020-03-31T12:25:31,2020-03-31,12:25:31
239,message,2020-04-02T11:56:28,2020-04-02,11:56:28
240,message,2020-04-03T17:12:42,2020-04-03,17:12:42
241,message,2020-04-04T22:53:03,2020-04-04,22:53:03
242,message,2020-04-05T10:51:47,2020-04-05,10:51:47
243,message,2020-04-07T12:40:52,2020-04-07,12:40:52
244,message,2020-04-08T13:14:54,2020-04-08,13:14:54
245,message,2020-04-14T23:28:41,2020-04-14,23:28:41
246,message,2020-04-15T11:28:13,2020-04-15,11:28:13
247,message,2020-04-15T11:28:21,2020-04-15,11:28:21
248,message,2020-04-15T11:28:28,2020-04-15,11:28:28
249,message,2020-04-18T11:25:10,2020-04-18,11:25:10
250,message,2020-04-18T11:25:17,2020-04-18,11:25:17
251,message,2020-04-18T14:06:51,2020-04-18,14:06:51
252,message,2020-04-19T23:53:08,2020-04-19,23:53:08
255,message,2020-04-22T10:30:21,2020-04-22,10:30:21
